Time (%),Total Time (ns),Instances,Avg (ns),Med (ns),Min (ns),Max (ns),StdDev (ns),Name
20.3,3255376297,1455,2237372.0,2254629.0,2154693,2270917,27628.2,void cutlass::Kernel2<cutlass_80_simt_sgemm_256x128_8x4_nn_align1>(T1::Params)
20.1,3230335912,2415,1337613.2,2077059.0,167776,2182339,948654.9,sm80_xmma_gemm_f32f32_f32f32_f32_tn_n_tilesize128x128x8_stage3_warpsize2x2x1_ffma_aligna4_alignc4_execute_kernel__5x_cublas
19.9,3194095201,1440,2218121.7,2216452.0,2208643,2229093,5345.5,void cutlass::Kernel2<cutlass_80_simt_sgemm_256x128_8x4_nt_align1>(T1::Params)
8.0,1291161797,1920,672480.1,672417.0,670753,678593,963.6,sm80_xmma_gemm_f32f32_f32f32_f32_nn_n_tilesize64x128x8_stage3_warpsize1x4x1_ffma_aligna4_alignc4_execute_kernel__5x_cublas
7.7,1240334944,2400,516806.2,601601.0,175712,605697,170231.7,void cutlass::Kernel2<cutlass_80_simt_sgemm_128x128_8x4_nt_align1>(T1::Params)
7.2,1152448313,1920,600233.5,600913.5,593889,612929,3322.5,sm80_xmma_gemm_f32f32_f32f32_f32_tn_n_tilesize256x64x8_stage3_warpsize2x2x1_ffma_aligna4_alignc4_execute_kernel__5x_cublas
3.4,538362332,9135,58934.0,22208.0,12064,219809,70632.1,"void at::native::elementwise_kernel<(int)128, (int)2, void at::native::gpu_kernel_impl_nocast<at::native::direct_copy_kernel_cuda(at::TensorIteratorBase &)::[lambda() (instance 3)]::operator ()() const::[lambda() (instance 7)]::operator ()() const::[lambda(float) (instance 1)]>(at::TensorIteratorBase &, const T1 &)::[lambda(int) (instance 1)]>(int, T3)"
2.7,432726279,7740,55907.8,23408.0,1376,137120,43442.5,"void at::native::vectorized_elementwise_kernel<(int)4, at::native::BinaryFunctor<float, float, float, at::native::binary_internal::MulFunctor<float>>, std::array<char *, (unsigned long)3>>(int, T2, T3)"
1.5,244289586,1920,127234.2,128688.5,120640,132032,3603.0,"void at::native::elementwise_kernel<(int)128, (int)2, void at::native::gpu_kernel_impl_nocast<at::native::BinaryFunctor<float, float, float, at::native::binary_internal::DivFunctor<float>>>(at::TensorIteratorBase &, const T1 &)::[lambda(int) (instance 1)]>(int, T3)"
1.4,225163543,9165,24567.8,18080.0,8032,140128,31309.1,"void at::native::vectorized_elementwise_kernel<(int)4, at::native::CUDAFunctor_add<float>, std::array<char *, (unsigned long)3>>(int, T2, T3)"
1.1,176177209,960,183517.9,183424.0,182433,187040,570.7,sm80_xmma_gemm_f32f32_f32f32_f32_nn_n_tilesize128x32x8_stage3_warpsize2x2x1_ffma_aligna4_alignc4_execute_kernel__5x_cublas
1.1,170687578,11595,14720.8,14848.0,8416,69120,3988.6,"void at::native::elementwise_kernel<(int)128, (int)2, void at::native::gpu_kernel_impl_nocast<at::native::BinaryFunctor<float, float, float, at::native::binary_internal::MulFunctor<float>>>(at::TensorIteratorBase &, const T1 &)::[lambda(int) (instance 1)]>(int, T3)"
0.7,110831669,990,111951.2,113473.0,67232,116321,7751.1,"void at::native::elementwise_kernel<(int)128, (int)2, void at::native::gpu_kernel_impl_nocast<at::native::CUDAFunctor_add<float>>(at::TensorIteratorBase &, const T1 &)::[lambda(int) (instance 1)]>(int, T3)"
0.6,102792082,2460,41785.4,56416.0,17344,60224,19034.3,"void at::native::reduce_kernel<(int)512, (int)1, at::native::ReduceOp<float, at::native::func_wrapper_t<float, at::native::sum_functor<float, float, float>::operator ()(at::TensorIterator &)::[lambda(float, float) (instance 1)]>, unsigned int, float, (int)4>>(T3)"
0.6,95771915,960,99762.4,99744.0,98849,100768,244.8,"void at::native::elementwise_kernel<(int)128, (int)2, void at::native::gpu_kernel_impl_nocast<at::native::<unnamed>::where_kernel_impl(at::TensorIterator &)::[lambda() (instance 1)]::operator ()() const::[lambda() (instance 7)]::operator ()() const::[lambda(bool, float, float) (instance 1)]>(at::TensorIteratorBase &, const T1 &)::[lambda(int) (instance 1)]>(int, T3)"
0.6,89084774,1020,87338.0,89280.0,53728,90849,7912.1,"void at::native::vectorized_elementwise_kernel<(int)4, at::native::neg_kernel_cuda(at::TensorIteratorBase &)::[lambda() (instance 2)]::operator ()() const::[lambda() (instance 7)]::operator ()() const::[lambda(float) (instance 1)], std::array<char *, (unsigned long)2>>(int, T2, T3)"
0.5,87075037,960,90703.2,90720.0,88640,92256,582.7,"void at::native::vectorized_elementwise_kernel<(int)4, at::native::BUnaryFunctor<float, float, float, at::native::binary_internal::MulFunctor<float>>, std::array<char *, (unsigned long)2>>(int, T2, T3)"
0.5,81116094,480,168991.9,168960.0,168032,170592,422.1,sm80_xmma_gemm_f32f32_f32f32_f32_nt_n_tilesize128x32x8_stage3_warpsize2x2x1_ffma_aligna4_alignc4_execute_kernel__5x_cublas
0.3,43557433,495,87994.8,89120.0,53600,90336,5995.7,"void at::native::vectorized_elementwise_kernel<(int)4, at::native::exp_kernel_cuda(at::TensorIteratorBase &)::[lambda() (instance 2)]::operator ()() const::[lambda() (instance 2)]::operator ()() const::[lambda(float) (instance 1)], std::array<char *, (unsigned long)2>>(int, T2, T3)"
0.3,40502644,480,84380.5,84512.0,82720,85760,613.5,"void at::native::vectorized_elementwise_kernel<(int)4, at::native::sigmoid_backward_kernel_cuda(at::TensorIteratorBase &)::[lambda() (instance 2)]::operator ()() const::[lambda() (instance 2)]::operator ()() const::[lambda(float, float) (instance 1)], std::array<char *, (unsigned long)3>>(int, T2, T3)"
0.2,34910308,495,70525.9,71264.0,44545,72576,4553.9,"void at::native::reduce_kernel<(int)512, (int)1, at::native::ReduceOp<float, at::native::MaxOps<float>, unsigned int, float, (int)4>>(T3)"
0.2,30989440,15,2065962.7,2066053.0,2062339,2072163,2777.0,void cutlass::Kernel2<cutlass_80_simt_sgemm_128x256_8x4_nt_align1>(T1::Params)
0.2,26222034,480,54629.2,54624.0,53536,56385,533.6,"void at::native::vectorized_elementwise_kernel<(int)4, at::native::sigmoid_kernel_cuda(at::TensorIteratorBase &)::[lambda() (instance 2)]::operator ()() const::[lambda() (instance 2)]::operator ()() const::[lambda(float) (instance 1)], std::array<char *, (unsigned long)2>>(int, T2, T3)"
0.1,23093031,1515,15242.9,1664.0,1280,42784,18506.4,"void at::native::vectorized_elementwise_kernel<(int)4, at::native::FillFunctor<float>, std::array<char *, (unsigned long)1>>(int, T2, T3)"
0.1,14156870,990,14299.9,14464.0,1888,15008,1517.6,"void at::native::elementwise_kernel<(int)128, (int)2, void at::native::gpu_kernel_impl_nocast<at::native::BUnaryFunctor<float, float, float, at::native::binary_internal::MulFunctor<float>>>(at::TensorIteratorBase &, const T1 &)::[lambda(int) (instance 1)]>(int, T3)"
0.1,13324823,1950,6833.2,6944.0,1504,13056,4981.1,"void at::native::vectorized_elementwise_kernel<(int)4, at::native::AUnaryFunctor<float, float, float, at::native::binary_internal::MulFunctor<float>>, std::array<char *, (unsigned long)2>>(int, T2, T3)"
0.1,13285214,975,13625.9,13600.0,12928,15104,259.4,"void at::native::reduce_kernel<(int)128, (int)4, at::native::ReduceOp<float, at::native::func_wrapper_t<float, at::native::sum_functor<float, float, float>::operator ()(at::TensorIterator &)::[lambda(float, float) (instance 1)]>, unsigned int, float, (int)4>>(T3)"
0.1,13106463,480,27305.1,27264.0,26624,28288,288.3,"void at::native::<unnamed>::CatArrayBatchedCopy<at::native::<unnamed>::OpaqueType<(unsigned int)4>, unsigned int, (int)4, (int)64, (int)64>(T1 *, at::native::<unnamed>::CatArrInputTensorMetadata<T1, T2, T4, T5>, at::native::<unnamed>::TensorSizeStride<T2, (unsigned int)4>, int, T2)"
0.1,12584609,990,12711.7,12832.0,2976,14048,1223.1,"void at::native::reduce_kernel<(int)512, (int)1, at::native::ReduceOp<float, at::native::MeanOps<float, float, float, float>, unsigned int, float, (int)4>>(T3)"
0.1,11907928,975,12213.3,12192.0,11360,13440,246.0,"void at::native::vectorized_elementwise_kernel<(int)4, void at::native::<unnamed>::pow_tensor_scalar_kernel_impl<float, float>(at::TensorIteratorBase &, T2)::[lambda(float) (instance 1)], std::array<char *, (unsigned long)2>>(int, T2, T3)"
0.1,10019406,960,10436.9,10912.0,8672,12608,1276.9,"void at::native::elementwise_kernel<(int)128, (int)2, void at::native::gpu_kernel_impl_nocast<at::native::neg_kernel_cuda(at::TensorIteratorBase &)::[lambda() (instance 2)]::operator ()() const::[lambda() (instance 7)]::operator ()() const::[lambda(float) (instance 1)]>(at::TensorIteratorBase &, const T1 &)::[lambda(int) (instance 1)]>(int, T3)"
0.1,8154760,480,16989.1,16928.0,16608,18272,273.0,"void at::native::<unnamed>::CatArrayBatchedCopy_aligned16_contig<at::native::<unnamed>::OpaqueType<(unsigned int)4>, unsigned int, (int)4, (int)128, (int)1>(T1 *, at::native::<unnamed>::CatArrInputTensorMetadata<T1, T2, T4, T5>, at::native::<unnamed>::TensorSizeStride<T2, (unsigned int)4>, int, T2)"
0.0,7662800,1920,3991.0,3968.0,3584,4896,253.7,"void at::native::elementwise_kernel<(int)128, (int)4, void at::native::gpu_kernel_impl<at::native::CUDAFunctor_add<long>>(at::TensorIteratorBase &, const T1 &)::[lambda(int) (instance 1)]>(int, T3)"
0.0,6057962,975,6213.3,5824.0,5504,31488,3009.5,"void at::native::index_elementwise_kernel<(int)128, (int)4, void at::native::gpu_index_kernel<void at::native::index_kernel_impl<at::native::OpaqueType<(int)4>>(at::TensorIteratorBase &, c10::ArrayRef<long>, c10::ArrayRef<long>)::[lambda(char *, const char *, long) (instance 1)]>(at::TensorIteratorBase &, c10::ArrayRef<long>, c10::ArrayRef<long>, const T1 &)::[lambda(int) (instance 1)]>(long, T3)"
0.0,3886027,495,7850.6,7840.0,5696,8992,416.0,"void at::native::_scatter_gather_elementwise_kernel<(int)128, (int)4, void at::native::_cuda_scatter_gather_internal_kernel<(bool)1, at::native::OpaqueType<(int)4>>::operator ()<at::native::TensorAssign>(at::TensorIterator &, long, long, long, const T1 &)::[lambda(int) (instance 1)]>(int, T3)"
0.0,2699464,1920,1406.0,1440.0,1248,2080,112.8,"void <unnamed>::elementwise_kernel_with_index<int, at::native::arange_cuda_out(const c10::Scalar &, const c10::Scalar &, const c10::Scalar &, at::Tensor &)::[lambda() (instance 1)]::operator ()() const::[lambda() (instance 3)]::operator ()() const::[lambda(long) (instance 1)]>(T1, T2, function_traits<T2>::result_type *)"
0.0,1901602,975,1950.4,1920.0,1632,2944,181.8,"void at::native::vectorized_elementwise_kernel<(int)4, void at::native::<unnamed>::pow_tensor_scalar_kernel_impl<float, float>(at::TensorIteratorBase &, T2)::[lambda(float) (instance 2)], std::array<char *, (unsigned long)2>>(int, T2, T3)"
0.0,1708740,975,1752.6,1696.0,1472,2656,202.3,"void at::native::vectorized_elementwise_kernel<(int)4, at::native::AUnaryFunctor<long, long, long, at::native::binary_internal::MulFunctor<long>>, std::array<char *, (unsigned long)2>>(int, T2, T3)"
0.0,1702754,960,1773.7,1792.0,1536,2336,133.5,"void at::native::vectorized_elementwise_kernel<(int)4, at::native::AUnaryFunctor<int, int, int, at::native::binary_internal::MulFunctor<int>>, std::array<char *, (unsigned long)2>>(int, T2, T3)"
0.0,1645953,480,3429.1,3424.0,3264,4064,101.1,"void at::native::elementwise_kernel<(int)128, (int)4, void at::native::gpu_kernel_impl_nocast<at::native::<unnamed>::CompareFunctor<long>>(at::TensorIteratorBase &, const T1 &)::[lambda(int) (instance 1)]>(int, T3)"
0.0,1599747,975,1640.8,1664.0,1440,2432,120.6,"void at::native::vectorized_elementwise_kernel<(int)4, at::native::CUDAFunctorOnSelf_add<float>, std::array<char *, (unsigned long)2>>(int, T2, T3)"
0.0,1542498,975,1582.0,1632.0,1408,2144,108.0,"void at::native::vectorized_elementwise_kernel<(int)4, at::native::rsqrt_kernel_cuda(at::TensorIteratorBase &)::[lambda() (instance 2)]::operator ()() const::[lambda() (instance 2)]::operator ()() const::[lambda(float) (instance 1)], std::array<char *, (unsigned long)2>>(int, T2, T3)"
0.0,1467908,975,1505.5,1472.0,1280,2176,153.5,"void <unnamed>::elementwise_kernel_with_index<int, at::native::arange_cuda_out(const c10::Scalar &, const c10::Scalar &, const c10::Scalar &, at::Tensor &)::[lambda() (instance 1)]::operator ()() const::[lambda() (instance 4)]::operator ()() const::[lambda(long) (instance 1)]>(T1, T2, function_traits<T2>::result_type *)"
0.0,364322,15,24288.1,24193.0,23584,25344,485.8,"void <unnamed>::indexing_backward_kernel<float, (int)4>(const long *, const long *, const T1 *, T1 *, long, long, long, long, bool)"
0.0,114336,15,7622.4,7648.0,7488,7808,90.7,"void at_cuda_detail::cub::DeviceRadixSortSingleTileKernel<at_cuda_detail::cub::DeviceRadixSortPolicy<long, at::cuda::cub::detail::OpaqueType<(int)8>, unsigned long long>::Policy900, (bool)0, long, at::cuda::cub::detail::OpaqueType<(int)8>, unsigned long long, at_cuda_detail::cub::detail::identity_decomposer_t>(const T3 *, T3 *, const T4 *, T4 *, T5, int, int, T6)"
0.0,99744,15,6649.6,6720.0,5760,7104,330.4,"void at::native::_scatter_gather_elementwise_kernel<(int)128, (int)4, void at::native::_cuda_scatter_gather_internal_kernel<(bool)0, at::native::OpaqueType<(int)4>>::operator ()<at::native::TensorAssign>(at::TensorIterator &, long, long, long, const T1 &)::[lambda(int) (instance 1)]>(int, T3)"
0.0,89824,15,5988.3,5888.0,5088,6880,449.8,"void at::native::_scatter_gather_elementwise_kernel<(int)128, (int)4, void at::native::_cuda_scatter_gather_internal_kernel<(bool)1, float>::operator ()<at::native::ReduceAdd>(at::TensorIterator &, long, long, long, const T1 &)::[lambda(int) (instance 1)]>(int, T3)"
0.0,37408,15,2493.9,2528.0,2336,2688,115.7,"void at::native::vectorized_elementwise_kernel<(int)4, at::native::BUnaryFunctor<long, long, long, at::native::remainder_kernel_cuda(at::TensorIteratorBase &)::[lambda() (instance 1)]::operator ()() const::[lambda() (instance 4)]::operator ()() const::[lambda(long, long) (instance 1)]>, std::array<char *, (unsigned long)2>>(int, T2, T3)"
0.0,32928,15,2195.2,2176.0,1824,2528,182.5,"void at::native::vectorized_elementwise_kernel<(int)4, at::native::BinaryFunctor<float, float, float, at::native::binary_internal::DivFunctor<float>>, std::array<char *, (unsigned long)3>>(int, T2, T3)"
0.0,30208,15,2013.9,2016.0,1760,2368,172.5,"void at::native::vectorized_elementwise_kernel<(int)4, at::native::log_kernel_cuda(at::TensorIteratorBase &)::[lambda() (instance 2)]::operator ()() const::[lambda() (instance 2)]::operator ()() const::[lambda(float) (instance 1)], std::array<char *, (unsigned long)2>>(int, T2, T3)"
0.0,29504,15,1966.9,1984.0,1856,2112,86.3,"void at::native::vectorized_elementwise_kernel<(int)4, at::native::BUnaryFunctor<long, long, long, at::native::binary_internal::div_trunc_kernel_cuda(at::TensorIteratorBase &)::[lambda() (instance 1)]::operator ()() const::[lambda() (instance 4)]::operator ()() const::[lambda(long, long) (instance 1)]>, std::array<char *, (unsigned long)2>>(int, T2, T3)"
0.0,4032,2,2016.0,2016.0,1888,2144,181.0,"void at::native::<unnamed>::distribution_elementwise_grid_stride_kernel<unsigned int, (int)4, void at::native::templates::cuda::random_from_to_kernel<at::CUDAGeneratorImpl *>(at::TensorIteratorBase &, unsigned long, long, T1)::[lambda() (instance 1)]::operator ()() const::[lambda() (instance 4)]::operator ()() const::[lambda(curandStatePhilox4_32_10 *) (instance 2)], void at::native::<unnamed>::distribution_nullary_kernel<long, unsigned int, uint4, at::CUDAGeneratorImpl *, void at::native::templates::cuda::random_from_to_kernel<at::CUDAGeneratorImpl *>(at::TensorIteratorBase &, unsigned long, long, T1)::[lambda() (instance 1)]::operator ()() const::[lambda() (instance 4)]::operator ()() const::[lambda(curandStatePhilox4_32_10 *) (instance 2)], void at::native::templates::cuda::random_from_to_kernel<at::CUDAGeneratorImpl *>(at::TensorIteratorBase &, unsigned long, long, T1)::[lambda() (instance 1)]::operator ()() const::[lambda() (instance 4)]::operator ()() const::[lambda(unsigned int) (instance 1)]>(at::TensorIteratorBase &, T4, const T5 &, T6)::[lambda(int, unsigned int) (instance 1)]>(long, at::PhiloxCudaState, T3, T4)"
